,Mails,control
0,,
1," ,,Karaca Shiny Rose 28 cm,,, Dalgalı Kek Kalıbı,,Si,ie Ürün Kodu: 153.03.079146,,  , ,,49997. 97,29.99 TL,",
2," ,,“aç,, ,,Emsan Premium Granit 7,Parça Tencere Seti Blue,Pearl,,Ürün Kodu: 600.04.01.0118,gg | $1909 TE V,indirim | 399.99 TL,",
3," ,,Emsan Demre Paslanmaz,Çelik Sos Tenceresi (,Kapaksız ),,Ürün Kodu: 153.05.01.8748,, ,,7655 ” V,rain) 44.99 TL,",
4," ,,Karaca Mesopotamia,o Bakır 12 cm Sosluk,,  ,,Ürün Kodu: 153.03.08.0062,,2658,indirim | 34-99 TL,",
5," ,,Karaca Venüs Orta Boy,,ye,Çaydanlık Metalik,j iY Ürün Kodu: 153.06.11.0497,,YY Ni gg ATE <,Y indirim | 129.99 TL,,NN.,",
6," ,,Karaca Athos 25 cm Fırın,Kabı,,” Ürün Kodu: 153.03.079424,,39.99 TL ©,,Taksitli Fiyatı : 5.23 TL x 9 Taksit : 4705 TL,, ,",
7," ,,Karaca Sanoran 21,5 cm,Oval Fırın Kabı,,Ürün Kodu: 153.03.079453,,  ,   ,,79591 Z,30.00 TL,",
8," ,,Karaca Feres 21,5 cm Oval,Fırın Kabı,,Ürün Kodu: 153.03.078479,,——— a),,ee vee,Eg e emma v0 indirim 29.99 TL,,  ,",
9," ,,Karaca Everest Bio Granit,Tava Sahan Set,,   ,  ,,Ürün Kodu: 153.03.079727,,395877- a,99.99 TL,",
10,"OrdanBurdan,,NOS leYolaTzi,, ,,ABONE OLUNDU,",
11," ,,Emsan Oasis Pro 7 Parça,Tencere Seti Blue Star,,Ürün Kodu: 60015.01.0931,2650 V,indirim 299. 99 TL,, ,",
12," ,,Karaca Shiny Rose 28 cm,Kelepçeli Kek Kalıbı,,Ürün Kodu: 153.03.079140,,679975. V,44.99 TL,,  ,",
13," ,, ,,Karaca Shiny Rose 22 cm,Kek Kalıbı,,Ürün Kodu: 153.03.079139,,© isssk V,indirim | 39.99 TL,",
14," ,, ,,Emsan Pare Portakal Kek,Kalıbı 26 cm Fuşya,,Ürün Kodu: 60015.01.0672,s9 | 99997 V,Ma 34.99TL,",
15," ,,Emsan Azure 6 Parça,Tencere Seti Rose Gold,,Ürün Kodu: 60015.01.0682,7028 Ç,indirim | 179.99 TL,, ,",
16," ,,Karaca Basel 3 Parça Kek,Kalıbı Seti,,Ürün Kodu: 153.03.077947,,119.99 TL V,,Taksitli Fiyatı : 15.68 TL x 9 Taksit : 14116 TL,,Sepette X10 İndirim,, ,",
17," ,,Emsan ÜUp-line 4*6Lt,Klasik Düdüklü Golden,Pink,,Ürün Kodu: 60015.01.0458,eo) 009. 0 Ç,indirim 499. 99 TL,, ,",
18," ,,Emsan Yeni Diamante 7,Parça Tencere Seti Siyah,,Ürün Kodu: 600.05.01.0109,,629 j,indirim 69.99 TL,, ,",
19," ,,Karaca Bio Granitech 30,cm Tava,,Ürün Kodu: 153.03.077863,,2 Al1 Öde için sepetinize aynı ürünü,ya da 2 Al1Öde etiketli farklı bir,ürünü ekleyebilirsiniz.,,159.99 TL V,, ,",
20," ,, , ,,e,,Karaca Vitola 4*6,Düdüklü Çelik Tencere,,gi Seti,,Ürün Kodu: 153.03.079325,,7643 <,naim) 399.99 TL,",
21," ,, ,,Emsan Brava 14 Parça,Granit Tencere Seti,Golden Pink,,Ürün Kodu: 600115.01.0669,,469, 99 TL,, ,",
22," ,,Emsan Lavin Döküm Kek,Kalıbı Golden Pink,,© Ürün Kodu: 60015.01.0733,, ,,a, 0:9 ©,ham) 59.90 TL,",
23," ,,Emsan Titangranit 28 cm,Wok Tava Woody,,Ürün Kodu: 60015.01.0280,450 29997. ©,indirim 69.99 TL,, ,",
24," ,, ,,Emsan Burcu Düdüklü,Paslanmaz Çelik Tencere,6GIt,,Ürün Kodu: 153.05.01.7408,,4635 V,mdrimi 169.99 TL,",
25," ,,Karaca Perfect Gray 446,Lt Düdüklü Tencere Seti,,Ürün Kodu: 153.03.077651,,7642 V,dm) 34999 TL,, ,",
26," ,, ,,Emsan Oasis Pro 7 Parça,Tencere Seti Cappuccino,,59990T- 9),299.99 TL,, ,",
27," ,,Karaca Aden 8 Parça,Çelik Tencere Seti,,Ürün Kodu: 153.03.079122,,0005,229.99 TL,, ,",
28," ,,Emsan Cemre 6 Parça,Çelik Sahan Seti,,g Ürün Kodu: 600.01.01.0198,,. 7615 fi ;,indirim 179.99 TL,, ,",
29," ,, ,,Emsan Granit Line 7,Parça Tencere Seti Siyah-,Gold,,Ürün Kodu: 60015.01.0819,2640 V,",
30," ,,Emsan Cemre 6 Parça,Midi Paslanmaz Çelik,, Tencere Seti,,Ürün Kodu: 600.01.01.0199,2655 Ml Ç,indirim 199.99 TL,, ,",
31," ,,Karaca Ayda 8 Parça,Çelik Tencere Seti,,BE Ürün Kodu: 153.03.079172,,058,indirim | 299.99 TL,, ,",
32," ,,FAVORİ,SOFRA PAKETİ,,4'LÜ ÇEYİZ SETİ,5.4107. 1 N 9 9 9 TL 7 Parça Granit Tencerğ,,261TL x 9 Taksit ) X ”,T iğ i,' 5 wi,,Gi veep Bağiyi» i Bil a, isilik Yörük Takımı,,> /, İ,6 Kişilik Kahvaltı Seti .,TN / 1,,/,,4,12 Kişilik Çatal Kaşık Bığak Takımı d',,lı,, ,, ,, ,, ,, ,, ,",
33," ,,Karaca Biogranit,Premium Gray Mega 9,Parça Tencere Seti,,Ürün Kodu: 153.03.078976,sı 0999 o Ç,indirim | 439.99 TL,, ,",
34," ,,Karaca Latte Sütlük 700,mil,,GG — Ürün Kodu: 153.03.078691,Lg 35287k Ç,e 429,,indirim 24.99 TL,",
35," ,,Karaca Elvis 13 cm,Doğrama Bıçağı,,V,X Ürün Kodu: 153.03.076099,,7670,indirim | 14.99 TL,, ,",
36," ,, ,,Karaca Sanoran 30,5 cm,Dikdörtgen Fırın Kabı,,Ürün Kodu: 153.03.079455,,Kazancınız 94.70TL,",
37," ,,Emsan Efsane Düdüklü,Tencere6lt,,Ürün Kodu: 153.05.01.6456,,430 29999 T- Ç,indirim | 209.99 TL,, ,",
38," ,,   , ,,Emsan Smile 26 cm Waffle,Tava Kırmızı,,Ürün Kodu: 60015.01.0187,7646 V,",
39," ,,Karaca Living Coral,,“. Baton Kek Kalıbı,, ,,Ürün Kodu: 153.03.078733,,SpA,26.99 TL,, ,",
40," ,, , , ,  ,  ,,Emsan Anka 17 Parça,Çeyiz Seti Golden Pink,,Ürün Kodu: 60015.01.0027,,ag V9991£ (,indirim; 1/149.99 TL,",
41," ,,Karaca Bumblebee 25,5,cm Dikdörtgen Fırın Kabı,,Ürün Kodu: 153.03.077399,,446 55287. a),indirim | 29.99 TL,",
42," ,,|,,| N,,|,,Karaca 7 Parça Servis Seti,Lizbon,,Ürün Kodu: 153.02.01.8020,,169.99 TL V,,| Taksitli Fiyatı : 22.22 TL x 9 Taksit : 199.99 TL,,Sepette 612 İndirim,",
43," ,,Z# , Karaca Double Cezve Seti,,“ >. . Ürün Kodu: 153.03.079879,,; / i 195871 C,indirim | 49.99 TL,",
44," ,,Karaca Athos 18 cm Oval,Fırın Kabı,,Ürün Kodu: 153.03.079420,,   ,,24.99 TL ©,",
45," ,,Karaca Chef 7 Parça,Servis Seti,,Ürün Kodu: 153.03.078790,7033 Ç,, ,",
46," ,,Emsan Troy 14 cm Konik,Sosluk Siyah,,Ürün Kodu: 60015.01.0587,,an 36 78-00 FE V,- İndirim 49.99 TL,Lİ,, ,",
47," ,,vi,EVLİLİK PAKETİ,mİ vee K >.,eri ZE yam ZE,,RE | Sü & Vİ ği in,TEX Taka AE NZ> e,,   ,,Ye Yi,, ,, ,, ,,Alışverişe Başla >,, ,,84 PARÇA,ÇATAL KAŞIK BIÇAK TAKIMI,, ,",
48," ,,Emsan Up-line 6 Lt Klasik,Düdüklü Kırmızı,,Ürün Kodu: 60015.01.0455,,7650,indirim, 349.99 TL,, ,",
49," ,,Karaca Bio Granitech 20,cm Tencere,,Ürün Kodu: 153.03.077858,,2Al11 Öde için sepetinize aynı ürünü,ya da 2 Al1 Öde etiketli farklı bir,ürünü ekleyebilirsiniz.,,189.99 TL ©,,Taksitli Fiyatı : 24.84 TL x 9 Taksit : 223.552 TL,, ,,2Al1Öde,",
50," ,, ,,Karaca Stark 2li Kesme,Tahtası,,49997. Ç,29.99 TL,, ,",
